{"cities":[{"city":"St. John","xCoor":931,"yCoor":349},{"city":"Halifax","xCoor":844,"yCoor":424},{"city":"Charlottetown","xCoor":838,"yCoor":407},{"city":"Fredericton","xCoor":800,"yCoor":422},{"city":"Quebec","xCoor":734,"yCoor":427},{"city":"Ottawa","xCoor":685,"yCoor":459},{"city":"Toronto","xCoor":655,"yCoor":483},{"city":"Winnipeg","xCoor":420,"yCoor":430},{"city":"Regina","xCoor":336,"yCoor":417},{"city":"Edmonton","xCoor":250,"yCoor":364},{"city":"Victoria","xCoor":111,"yCoor":398},{"city":"Whitehorse","xCoor":115,"yCoor":235},{"city":"Yellowknife","xCoor":285,"yCoor":271},{"city":"Iqaluit","xCoor":645,"yCoor":243}],"flights":[

{"departure":"Iqaluit","departureX":"645","departureY":"245","departureTime":"49","arrival":"Regina","arrivalX":"336","arrivalY":"417","duration":"6"},
{"departure":"Iqaluit","departureX":"645","departureY":"245","departureTime":"95","arrival":"Toronto","arrivalX":"655","arrivalY":"483","duration":"6"},
{"departure":"Iqaluit","departureX":"645","departureY":"245","departureTime":"137","arrival":"St. John","arrivalX":"931","arrivalY":"349","duration":"6"},
{"departure":"Iqaluit","departureX":"645","departureY":"245","departureTime":"175","arrival":"Quebec","arrivalX":"734","arrivalY":"427","duration":"6"},
{"departure":"Iqaluit","departureX":"645","departureY":"245","departureTime":"222","arrival":"Victoria","arrivalX":"111","arrivalY":"398","duration":"6"},
{"departure":"Iqaluit","departureX":"645","departureY":"245","departureTime":"265","arrival":"Ottawa","arrivalX":"685","arrivalY":"459","duration":"6"},

{"departure":"Whitehorse","departureX":"115","departureY":"235","departureTime":"30","arrival":"Regina","arrivalX":"336","arrivalY":"417","duration":"6"},
{"departure":"Whitehorse","departureX":"115","departureY":"235","departureTime":"115","arrival":"Quebec","arrivalX":"734","arrivalY":"427","duration":"6"},
{"departure":"Whitehorse","departureX":"115","departureY":"235","departureTime":"123","arrival":"Ottawa","arrivalX":"685","arrivalY":"459","duration":"6"},
{"departure":"Whitehorse","departureX":"115","departureY":"235","departureTime":"245","arrival":"Toronto","arrivalX":"655","arrivalY":"483","duration":"6"},

{"departure":"Halifax","departureX":"844","departureY":"424","departureTime":"20","arrival":"Regina","arrivalX":"336","arrivalY":"417","duration":"6"},
{"departure":"Halifax","departureX":"844","departureY":"424","departureTime":"28","arrival":"Ottawa","arrivalX":"685","arrivalY":"459","duration":"6"},
{"departure":"Halifax","departureX":"844","departureY":"424","departureTime":"112","arrival":"Toronto","arrivalX":"655","arrivalY":"483","duration":"6"},
{"departure":"Halifax","departureX":"844","departureY":"424","departureTime":"127","arrival":"St. John","arrivalX":"931","arrivalY":"349","duration":"6"},
{"departure":"Halifax","departureX":"844","departureY":"424","departureTime":"132","arrival":"Quebec","arrivalX":"734","arrivalY":"427","duration":"6"},
{"departure":"Halifax","departureX":"844","departureY":"424","departureTime":"158","arrival":"Toronto","arrivalX":"655","arrivalY":"483","duration":"6"},
{"departure":"Halifax","departureX":"844","departureY":"424","departureTime":"187","arrival":"Victoria","arrivalX":"111","arrivalY":"398","duration":"6"},
{"departure":"Halifax","departureX":"844","departureY":"424","departureTime":"209","arrival":"Ottawa","arrivalX":"685","arrivalY":"459","duration":"6"},


{"departure":"Charlottetown","departureX":"838","departureY":"407","departureTime":"2","arrival":"Ottawa","arrivalX":"685","arrivalY":"459","duration":"6"},
{"departure":"Charlottetown","departureX":"838","departureY":"407","departureTime":"52","arrival":"Toronto","arrivalX":"655","arrivalY":"483","duration":"6"},
{"departure":"Charlottetown","departureX":"838","departureY":"407","departureTime":"95","arrival":"Ottawa","arrivalX":"685","arrivalY":"459","duration":"6"},
{"departure":"Charlottetown","departureX":"838","departureY":"407","departureTime":"114","arrival":"Quebec","arrivalX":"734","arrivalY":"427","duration":"6"},
{"departure":"Charlottetown","departureX":"838","departureY":"407","departureTime":"157","arrival":"Regina","arrivalX":"336","arrivalY":"417","duration":"6"},
{"departure":"Charlottetown","departureX":"838","departureY":"407","departureTime":"206","arrival":"Victoria","arrivalX":"111","arrivalY":"398","duration":"6"},

{"departure":"Fredericton","departureX":"800","departureY":"422","departureTime":"14","arrival":"Toronto","arrivalX":"655","arrivalY":"483","duration":"6"},
{"departure":"Fredericton","departureX":"800","departureY":"422","departureTime":"54","arrival":"Ottawa","arrivalX":"685","arrivalY":"459","duration":"6"},
{"departure":"Fredericton","departureX":"800","departureY":"422","departureTime":"89","arrival":"Quebec","arrivalX":"734","arrivalY":"427","duration":"6"},
{"departure":"Fredericton","departureX":"800","departureY":"422","departureTime":"137","arrival":"Ottawa","arrivalX":"685","arrivalY":"459","duration":"6"},
{"departure":"Fredericton","departureX":"800","departureY":"422","departureTime":"185","arrival":"Victoria","arrivalX":"111","arrivalY":"398","duration":"6"},
{"departure":"Fredericton","departureX":"800","departureY":"422","departureTime":"311","arrival":"Regina","arrivalX":"336","arrivalY":"417","duration":"6"},

{"departure":"Winnipeg","departureX":"420","departureY":"430","departureTime":"6","arrival":"St. John","arrivalX":"931","arrivalY":"349","duration":"6"},
{"departure":"Winnipeg","departureX":"420","departureY":"430","departureTime":"54","arrival":"Whitehorse","arrivalX":"115","arrivalY":"235","duration":"6"},
{"departure":"Winnipeg","departureX":"420","departureY":"430","departureTime":"144","arrival":"Victoria","arrivalX":"111","arrivalY":"398","duration":"6"},
{"departure":"Winnipeg","departureX":"420","departureY":"430","departureTime":"183","arrival":"Quebec","arrivalX":"734","arrivalY":"427","duration":"6"},
{"departure":"Winnipeg","departureX":"420","departureY":"430","departureTime":"196","arrival":"Halifax","arrivalX":"844","arrivalY":"424","duration":"6"},
{"departure":"Winnipeg","departureX":"420","departureY":"430","departureTime":"219","arrival":"Toronto","arrivalX":"655","arrivalY":"483","duration":"6"},
{"departure":"Winnipeg","departureX":"420","departureY":"430","departureTime":"235","arrival":"Toronto","arrivalX":"655","arrivalY":"483","duration":"6"},
{"departure":"Winnipeg","departureX":"420","departureY":"430","departureTime":"262","arrival":"Ottawa","arrivalX":"685","arrivalY":"459","duration":"6"},
{"departure":"Winnipeg","departureX":"420","departureY":"430","departureTime":"377","arrival":"Ottawa","arrivalX":"685","arrivalY":"459","duration":"6"},



{"departure":"Regina","departureX":"336","departureY":"417","departureTime":"23","arrival":"Whitehorse","arrivalX":"115","arrivalY":"235","duration":"6"},
{"departure":"Regina","departureX":"336","departureY":"417","departureTime":"80","arrival":"Toronto","arrivalX":"655","arrivalY":"483","duration":"6"},
{"departure":"Regina","departureX":"336","departureY":"417","departureTime":"124","arrival":"Victoria","arrivalX":"111","arrivalY":"398","duration":"6"},
{"departure":"Regina","departureX":"336","departureY":"417","departureTime":"176","arrival":"Quebec","arrivalX":"734","arrivalY":"427","duration":"6"},
{"departure":"Regina","departureX":"336","departureY":"417","departureTime":"232","arrival":"Iqaluit","arrivalX":"645","arrivalY":"243","duration":"6"},
{"departure":"Regina","departureX":"336","departureY":"417","departureTime":"234","arrival":"St. John","arrivalX":"931","arrivalY":"349","duration":"6"},
{"departure":"Regina","departureX":"336","departureY":"417","departureTime":"254","arrival":"Ottawa","arrivalX":"685","arrivalY":"459","duration":"6"},
{"departure":"Regina","departureX":"336","departureY":"417","departureTime":"286","arrival":"Quebec","arrivalX":"734","arrivalY":"427","duration":"6"},
{"departure":"Regina","departureX":"336","departureY":"417","departureTime":"310","arrival":"Halifax","arrivalX":"844","arrivalY":"424","duration":"6"},
{"departure":"Regina","departureX":"336","departureY":"417","departureTime":"322","arrival":"Toronto","arrivalX":"655","arrivalY":"483","duration":"6"},

{"departure":"Edmonton","departureX":"250","departureY":"364","departureTime":"10","arrival":"Regina","arrivalX":"336","arrivalY":"417","duration":"6"},
{"departure":"Edmonton","departureX":"250","departureY":"364","departureTime":"15","arrival":"Toronto","arrivalX":"655","arrivalY":"483","duration":"6"},
{"departure":"Edmonton","departureX":"250","departureY":"364","departureTime":"90","arrival":"Quebec","arrivalX":"734","arrivalY":"427","duration":"6"},
{"departure":"Edmonton","departureX":"250","departureY":"364","departureTime":"132","arrival":"St. John","arrivalX":"931","arrivalY":"349","duration":"6"},
{"departure":"Edmonton","departureX":"250","departureY":"364","departureTime":"165","arrival":"Halifax","arrivalX":"844","arrivalY":"424","duration":"6"},
{"departure":"Edmonton","departureX":"250","departureY":"364","departureTime":"173","arrival":"Ottawa","arrivalX":"685","arrivalY":"459","duration":"6"},
{"departure":"Edmonton","departureX":"250","departureY":"364","departureTime":"177","arrival":"Iqaluit","arrivalX":"645","arrivalY":"243","duration":"6"},
{"departure":"Edmonton","departureX":"250","departureY":"364","departureTime":"234","arrival":"Toronto","arrivalX":"655","arrivalY":"483","duration":"6"},
{"departure":"Edmonton","departureX":"250","departureY":"364","departureTime":"258","arrival":"Iqaluit","arrivalX":"645","arrivalY":"243","duration":"6"},

{"departure":"Victoria","departureX":"111","departureY":"398","departureTime":"10","arrival":"Quebec","arrivalX":"734","arrivalY":"427","duration":"6"},
{"departure":"Victoria","departureX":"111","departureY":"398","departureTime":"64","arrival":"Regina","arrivalX":"336","arrivalY":"417","duration":"6"},
{"departure":"Victoria","departureX":"111","departureY":"398","departureTime":"111","arrival":"Toronto","arrivalX":"655","arrivalY":"483","duration":"6"},
{"departure":"Victoria","departureX":"111","departureY":"398","departureTime":"118","arrival":"Edmonton","arrivalX":"250","arrivalY":"364","duration":"6"},
{"departure":"Victoria","departureX":"111","departureY":"398","departureTime":"143","arrival":"Quebec","arrivalX":"734","arrivalY":"427","duration":"6"},
{"departure":"Victoria","departureX":"111","departureY":"398","departureTime":"151","arrival":"Whitehorse","arrivalX":"115","arrivalY":"235","duration":"6"},
{"departure":"Victoria","departureX":"111","departureY":"398","departureTime":"159","arrival":"Ottawa","arrivalX":"685","arrivalY":"459","duration":"6"},
{"departure":"Victoria","departureX":"111","departureY":"398","departureTime":"160","arrival":"Halifax","arrivalX":"844","arrivalY":"424","duration":"6"},
{"departure":"Victoria","departureX":"111","departureY":"398","departureTime":"211","arrival":"Fredericton","arrivalX":"800","arrivalY":"422","duration":"6"},
{"departure":"Victoria","departureX":"111","departureY":"398","departureTime":"216","arrival":"Iqaluit","arrivalX":"645","arrivalY":"243","duration":"6"},
{"departure":"Victoria","departureX":"111","departureY":"398","departureTime":"233","arrival":"Winnipeg","arrivalX":"420","arrivalY":"430","duration":"6"},
{"departure":"Victoria","departureX":"111","departureY":"398","departureTime":"245","arrival":"Regina","arrivalX":"336","arrivalY":"417","duration":"6"},
{"departure":"Victoria","departureX":"111","departureY":"398","departureTime":"252","arrival":"Toronto","arrivalX":"655","arrivalY":"483","duration":"6"},
{"departure":"Victoria","departureX":"111","departureY":"398","departureTime":"311","arrival":"Yellowknife","arrivalX":"285","arrivalY":"271","duration":"6"},
{"departure":"Victoria","departureX":"111","departureY":"398","departureTime":"317","arrival":"Winnipeg","arrivalX":"420","arrivalY":"430","duration":"6"},

{"departure":"Toronto","departureX":"655","departureY":"483","departureTime":"10","arrival":"Halifax","arrivalX":"844","arrivalY":"424","duration":"6"},
{"departure":"Toronto","departureX":"655","departureY":"483","departureTime":"11","arrival":"Ottawa","arrivalX":"685","arrivalY":"459","duration":"6"},
{"departure":"Toronto","departureX":"655","departureY":"483","departureTime":"59","arrival":"Quebec","arrivalX":"734","arrivalY":"427","duration":"6"},
{"departure":"Toronto","departureX":"655","departureY":"483","departureTime":"61","arrival":"St. John","arrivalX":"931","arrivalY":"349","duration":"6"},
{"departure":"Toronto","departureX":"655","departureY":"483","departureTime":"77","arrival":"Winnipeg","arrivalX":"420","arrivalY":"430","duration":"6"},
{"departure":"Toronto","departureX":"655","departureY":"483","departureTime":"145","arrival":"Regina","arrivalX":"336","arrivalY":"417","duration":"6"},
{"departure":"Toronto","departureX":"655","departureY":"483","departureTime":"101","arrival":"Victoria","arrivalX":"111","arrivalY":"398","duration":"6"},
{"departure":"Toronto","departureX":"655","departureY":"483","departureTime":"103","arrival":"Winnipeg","arrivalX":"420","arrivalY":"430","duration":"6"},
{"departure":"Toronto","departureX":"655","departureY":"483","departureTime":"115","arrival":"Edmonton","arrivalX":"250","arrivalY":"364","duration":"6"},
{"departure":"Toronto","departureX":"655","departureY":"483","departureTime":"160","arrival":"Halifax","arrivalX":"844","arrivalY":"424","duration":"6"},
{"departure":"Toronto","departureX":"655","departureY":"483","departureTime":"151","arrival":"Iqaluit","arrivalX":"645","arrivalY":"243","duration":"6"},
{"departure":"Toronto","departureX":"655","departureY":"483","departureTime":"191","arrival":"Victoria","arrivalX":"111","arrivalY":"398","duration":"6"},
{"departure":"Toronto","departureX":"655","departureY":"483","departureTime":"205","arrival":"Charlottetown","arrivalX":"838","arrivalY":"407","duration":"6"},
{"departure":"Toronto","departureX":"655","departureY":"483","departureTime":"206","arrival":"Fredericton","arrivalX":"800","arrivalY":"422","duration":"6"},
{"departure":"Toronto","departureX":"655","departureY":"483","departureTime":"208","arrival":"Edmonton","arrivalX":"250","arrivalY":"364","duration":"6"},
{"departure":"Toronto","departureX":"655","departureY":"483","departureTime":"211","arrival":"Fredericton","arrivalX":"800","arrivalY":"422","duration":"6"},
{"departure":"Toronto","departureX":"655","departureY":"483","departureTime":"215","arrival":"Quebec","arrivalX":"734","arrivalY":"427","duration":"6"},
{"departure":"Toronto","departureX":"655","departureY":"483","departureTime":"237","arrival":"Whitehorse","arrivalX":"115","arrivalY":"235","duration":"6"},
{"departure":"Toronto","departureX":"655","departureY":"483","departureTime":"244","arrival":"Yellowknife","arrivalX":"285","arrivalY":"271","duration":"6"},
{"departure":"Toronto","departureX":"655","departureY":"483","departureTime":"245","arrival":"Regina","arrivalX":"336","arrivalY":"417","duration":"6"},
{"departure":"Toronto","departureX":"655","departureY":"483","departureTime":"280","arrival":"Quebec","arrivalX":"734","arrivalY":"427","duration":"6"},
{"departure":"Toronto","departureX":"655","departureY":"483","departureTime":"310","arrival":"Halifax","arrivalX":"844","arrivalY":"424","duration":"6"},
{"departure":"Toronto","departureX":"655","departureY":"483","departureTime":"311","arrival":"Ottawa","arrivalX":"685","arrivalY":"459","duration":"6"},
{"departure":"Toronto","departureX":"655","departureY":"483","departureTime":"359","arrival":"Quebec","arrivalX":"734","arrivalY":"427","duration":"6"},
{"departure":"Toronto","departureX":"655","departureY":"483","departureTime":"361","arrival":"St. John","arrivalX":"931","arrivalY":"349","duration":"6"},
{"departure":"Toronto","departureX":"655","departureY":"483","departureTime":"377","arrival":"Winnipeg","arrivalX":"420","arrivalY":"430","duration":"6"},
{"departure":"Toronto","departureX":"655","departureY":"483","departureTime":"445","arrival":"Regina","arrivalX":"336","arrivalY":"417","duration":"6"},
{"departure":"Toronto","departureX":"655","departureY":"483","departureTime":"401","arrival":"Victoria","arrivalX":"111","arrivalY":"398","duration":"6"},
{"departure":"Toronto","departureX":"655","departureY":"483","departureTime":"403","arrival":"Winnipeg","arrivalX":"420","arrivalY":"430","duration":"6"},
{"departure":"Toronto","departureX":"655","departureY":"483","departureTime":"415","arrival":"Edmonton","arrivalX":"250","arrivalY":"364","duration":"6"},
{"departure":"Toronto","departureX":"655","departureY":"483","departureTime":"460","arrival":"Halifax","arrivalX":"844","arrivalY":"424","duration":"6"},
{"departure":"Toronto","departureX":"655","departureY":"483","departureTime":"451","arrival":"Iqaluit","arrivalX":"645","arrivalY":"243","duration":"6"},
{"departure":"Toronto","departureX":"655","departureY":"483","departureTime":"491","arrival":"Victoria","arrivalX":"111","arrivalY":"398","duration":"6"},
{"departure":"Toronto","departureX":"655","departureY":"483","departureTime":"500","arrival":"Charlottetown","arrivalX":"838","arrivalY":"407","duration":"6"},
{"departure":"Toronto","departureX":"655","departureY":"483","departureTime":"506","arrival":"Fredericton","arrivalX":"800","arrivalY":"422","duration":"6"},
{"departure":"Toronto","departureX":"655","departureY":"483","departureTime":"508","arrival":"Edmonton","arrivalX":"250","arrivalY":"364","duration":"6"},
{"departure":"Toronto","departureX":"655","departureY":"483","departureTime":"511","arrival":"Fredericton","arrivalX":"800","arrivalY":"422","duration":"6"},
{"departure":"Toronto","departureX":"655","departureY":"483","departureTime":"515","arrival":"Quebec","arrivalX":"734","arrivalY":"427","duration":"6"},
{"departure":"Toronto","departureX":"655","departureY":"483","departureTime":"537","arrival":"Whitehorse","arrivalX":"115","arrivalY":"235","duration":"6"},
{"departure":"Toronto","departureX":"655","departureY":"483","departureTime":"544","arrival":"Yellowknife","arrivalX":"285","arrivalY":"271","duration":"6"},
{"departure":"Toronto","departureX":"655","departureY":"483","departureTime":"545","arrival":"Regina","arrivalX":"336","arrivalY":"417","duration":"6"},
{"departure":"Toronto","departureX":"655","departureY":"483","departureTime":"580","arrival":"Quebec","arrivalX":"734","arrivalY":"427","duration":"6"},

{"departure":"Quebec","departureX":"734","departureY":"427","departureTime":"11","arrival":"Fredericton","arrivalX":"800","arrivalY":"422","duration":"6"},
{"departure":"Quebec","departureX":"734","departureY":"427","departureTime":"16","arrival":"Halifax","arrivalX":"844","arrivalY":"424","duration":"6"},
{"departure":"Quebec","departureX":"734","departureY":"427","departureTime":"22","arrival":"Regina","arrivalX":"336","arrivalY":"417","duration":"6"},
{"departure":"Quebec","departureX":"734","departureY":"427","departureTime":"45","arrival":"Edmonton","arrivalX":"250","arrivalY":"364","duration":"6"},
{"departure":"Quebec","departureX":"734","departureY":"427","departureTime":"53","arrival":"Ottawa","arrivalX":"685","arrivalY":"459","duration":"6"},
{"departure":"Quebec","departureX":"734","departureY":"427","departureTime":"60","arrival":"Toronto","arrivalX":"655","arrivalY":"483","duration":"6"},
{"departure":"Quebec","departureX":"734","departureY":"427","departureTime":"78","arrival":"Winnipeg","arrivalX":"420","arrivalY":"430","duration":"6"},
{"departure":"Quebec","departureX":"734","departureY":"427","departureTime":"88","arrival":"Whitehorse","arrivalX":"115","arrivalY":"235","duration":"6"},
{"departure":"Quebec","departureX":"734","departureY":"427","departureTime":"120","arrival":"Toronto","arrivalX":"655","arrivalY":"483","duration":"6"},
{"departure":"Quebec","departureX":"734","departureY":"427","departureTime":"149","arrival":"Yellowknife","arrivalX":"285","arrivalY":"271","duration":"6"},
{"departure":"Quebec","departureX":"734","departureY":"427","departureTime":"157","arrival":"Regina","arrivalX":"336","arrivalY":"417","duration":"6"},
{"departure":"Quebec","departureX":"734","departureY":"427","departureTime":"157","arrival":"Edmonton","arrivalX":"250","arrivalY":"364","duration":"6"},
{"departure":"Quebec","departureX":"734","departureY":"427","departureTime":"180","arrival":"Halifax","arrivalX":"844","arrivalY":"424","duration":"6"},
{"departure":"Quebec","departureX":"734","departureY":"427","departureTime":"190","arrival":"Iqaluit","arrivalX":"645","arrivalY":"243","duration":"6"},
{"departure":"Quebec","departureX":"734","departureY":"427","departureTime":"193","arrival":"Victoria","arrivalX":"111","arrivalY":"398","duration":"6"},
{"departure":"Quebec","departureX":"734","departureY":"427","departureTime":"211","arrival":"Victoria","arrivalX":"111","arrivalY":"398","duration":"6"},
{"departure":"Quebec","departureX":"734","departureY":"427","departureTime":"233","arrival":"Toronto","arrivalX":"655","arrivalY":"483","duration":"6"},
{"departure":"Quebec","departureX":"734","departureY":"427","departureTime":"268","arrival":"Winnipeg","arrivalX":"420","arrivalY":"430","duration":"6"},
{"departure":"Quebec","departureX":"734","departureY":"427","departureTime":"274","arrival":"Charlottetown","arrivalX":"838","arrivalY":"407","duration":"6"},
{"departure":"Quebec","departureX":"734","departureY":"427","departureTime":"290","arrival":"Fredericton","arrivalX":"800","arrivalY":"422","duration":"6"},
{"departure":"Quebec","departureX":"734","departureY":"427","departureTime":"294","arrival":"St. John","arrivalX":"931","arrivalY":"349","duration":"6"},
{"departure":"Quebec","departureX":"734","departureY":"427","departureTime":"311","arrival":"Fredericton","arrivalX":"800","arrivalY":"422","duration":"6"},
{"departure":"Quebec","departureX":"734","departureY":"427","departureTime":"316","arrival":"Halifax","arrivalX":"844","arrivalY":"424","duration":"6"},
{"departure":"Quebec","departureX":"734","departureY":"427","departureTime":"322","arrival":"Regina","arrivalX":"336","arrivalY":"417","duration":"6"},
{"departure":"Quebec","departureX":"734","departureY":"427","departureTime":"345","arrival":"Edmonton","arrivalX":"250","arrivalY":"364","duration":"6"},
{"departure":"Quebec","departureX":"734","departureY":"427","departureTime":"353","arrival":"Ottawa","arrivalX":"685","arrivalY":"459","duration":"6"},
{"departure":"Quebec","departureX":"734","departureY":"427","departureTime":"360","arrival":"Toronto","arrivalX":"655","arrivalY":"483","duration":"6"},
{"departure":"Quebec","departureX":"734","departureY":"427","departureTime":"378","arrival":"Winnipeg","arrivalX":"420","arrivalY":"430","duration":"6"},
{"departure":"Quebec","departureX":"734","departureY":"427","departureTime":"388","arrival":"Whitehorse","arrivalX":"115","arrivalY":"235","duration":"6"},
{"departure":"Quebec","departureX":"734","departureY":"427","departureTime":"420","arrival":"Toronto","arrivalX":"655","arrivalY":"483","duration":"6"},
{"departure":"Quebec","departureX":"734","departureY":"427","departureTime":"449","arrival":"Yellowknife","arrivalX":"285","arrivalY":"271","duration":"6"},
{"departure":"Quebec","departureX":"734","departureY":"427","departureTime":"457","arrival":"Regina","arrivalX":"336","arrivalY":"417","duration":"6"},
{"departure":"Quebec","departureX":"734","departureY":"427","departureTime":"459","arrival":"Edmonton","arrivalX":"250","arrivalY":"364","duration":"6"},
{"departure":"Quebec","departureX":"734","departureY":"427","departureTime":"480","arrival":"Halifax","arrivalX":"844","arrivalY":"424","duration":"6"},
{"departure":"Quebec","departureX":"734","departureY":"427","departureTime":"490","arrival":"Iqaluit","arrivalX":"645","arrivalY":"243","duration":"6"},
{"departure":"Quebec","departureX":"734","departureY":"427","departureTime":"493","arrival":"Victoria","arrivalX":"111","arrivalY":"398","duration":"6"},
{"departure":"Quebec","departureX":"734","departureY":"427","departureTime":"511","arrival":"Victoria","arrivalX":"111","arrivalY":"398","duration":"6"},
{"departure":"Quebec","departureX":"734","departureY":"427","departureTime":"533","arrival":"Toronto","arrivalX":"655","arrivalY":"483","duration":"6"},
{"departure":"Quebec","departureX":"734","departureY":"427","departureTime":"568","arrival":"Winnipeg","arrivalX":"420","arrivalY":"430","duration":"6"},
{"departure":"Quebec","departureX":"734","departureY":"427","departureTime":"574","arrival":"Charlottetown","arrivalX":"838","arrivalY":"407","duration":"6"},
{"departure":"Quebec","departureX":"734","departureY":"427","departureTime":"590","arrival":"Fredericton","arrivalX":"800","arrivalY":"422","duration":"6"},
{"departure":"Quebec","departureX":"734","departureY":"427","departureTime":"594","arrival":"St. John","arrivalX":"931","arrivalY":"349","duration":"6"},

{"departure":"Yellowknife","departureX":"285","departureY":"271","departureTime":"10","arrival":"Edmonton","arrivalX":"250","arrivalY":"364","duration":"6"},
{"departure":"Yellowknife","departureX":"285","departureY":"271","departureTime":"55","arrival":"Quebec","arrivalX":"734","arrivalY":"427","duration":"6"},
{"departure":"Yellowknife","departureX":"285","departureY":"271","departureTime":"120","arrival":"Winnipeg","arrivalX":"420","arrivalY":"430","duration":"6"},
{"departure":"Yellowknife","departureX":"285","departureY":"271","departureTime":"133","arrival":"St. John","arrivalX":"931","arrivalY":"349","duration":"6"},
{"departure":"Yellowknife","departureX":"285","departureY":"271","departureTime":"210","arrival":"Toronto","arrivalX":"655","arrivalY":"483","duration":"6"},
{"departure":"Yellowknife","departureX":"285","departureY":"271","departureTime":"320","arrival":"Ottawa","arrivalX":"685","arrivalY":"459","duration":"6"},

{"departure":"St. John","departureX":"931","departureY":"349","departureTime":"23","arrival":"Ottawa","arrivalX":"685","arrivalY":"459","duration":"6"},
{"departure":"St. John","departureX":"931","departureY":"349","departureTime":"66","arrival":"Victoria","arrivalX":"111","arrivalY":"398","duration":"6"},
{"departure":"St. John","departureX":"931","departureY":"349","departureTime":"123","arrival":"Quebec","arrivalX":"734","arrivalY":"427","duration":"6"},
{"departure":"St. John","departureX":"931","departureY":"349","departureTime":"187","arrival":"Edmonton","arrivalX":"250","arrivalY":"364","duration":"6"},
{"departure":"St. John","departureX":"931","departureY":"349","departureTime":"316","arrival":"Toronto","arrivalX":"655","arrivalY":"483","duration":"6"},
{"departure":"St. John","departureX":"931","departureY":"349","departureTime":"123","arrival":"Ottawa","arrivalX":"685","arrivalY":"459","duration":"6"},
{"departure":"St. John","departureX":"931","departureY":"349","departureTime":"266","arrival":"Victoria","arrivalX":"111","arrivalY":"398","duration":"6"},
{"departure":"St. John","departureX":"931","departureY":"349","departureTime":"223","arrival":"Quebec","arrivalX":"734","arrivalY":"427","duration":"6"},
{"departure":"St. John","departureX":"931","departureY":"349","departureTime":"287","arrival":"Edmonton","arrivalX":"250","arrivalY":"364","duration":"6"},
{"departure":"St. John","departureX":"931","departureY":"349","departureTime":"176","arrival":"Toronto","arrivalX":"655","arrivalY":"483","duration":"6"},

{"departure":"Ottawa","departureX":"685","departureY":"459","departureTime":"12","arrival":"Regina","arrivalX":"336","arrivalY":"417","duration":"6"},
{"departure":"Ottawa","departureX":"685","departureY":"459","departureTime":"43","arrival":"St. John","arrivalX":"931","arrivalY":"349","duration":"6"},
{"departure":"Ottawa","departureX":"685","departureY":"459","departureTime":"134","arrival":"Edmonton","arrivalX":"250","arrivalY":"364","duration":"6"},
{"departure":"Ottawa","departureX":"685","departureY":"459","departureTime":"150","arrival":"Yellowknife","arrivalX":"285","arrivalY":"271","duration":"6"},
{"departure":"Ottawa","departureX":"685","departureY":"459","departureTime":"152","arrival":"Regina","arrivalX":"336","arrivalY":"417","duration":"6"},
{"departure":"Ottawa","departureX":"685","departureY":"459","departureTime":"170","arrival":"Yellowknife","arrivalX":"285","arrivalY":"271","duration":"6"},
{"departure":"Ottawa","departureX":"685","departureY":"459","departureTime":"218","arrival":"Yellowknife","arrivalX":"285","arrivalY":"271","duration":"6"},
{"departure":"Ottawa","departureX":"685","departureY":"459","departureTime":"222","arrival":"Winnipeg","arrivalX":"420","arrivalY":"430","duration":"6"},
{"departure":"Ottawa","departureX":"685","departureY":"459","departureTime":"231","arrival":"Victoria","arrivalX":"111","arrivalY":"398","duration":"6"},
{"departure":"Ottawa","departureX":"685","departureY":"459","departureTime":"234","arrival":"Victoria","arrivalX":"111","arrivalY":"398","duration":"6"},
{"departure":"Ottawa","departureX":"685","departureY":"459","departureTime":"243","arrival":"St. John","arrivalX":"931","arrivalY":"349","duration":"6"},
{"departure":"Ottawa","departureX":"685","departureY":"459","departureTime":"272","arrival":"Winnipeg","arrivalX":"420","arrivalY":"430","duration":"6"},
{"departure":"Ottawa","departureX":"685","departureY":"459","departureTime":"294","arrival":"Edmonton","arrivalX":"250","arrivalY":"364","duration":"6"},
{"departure":"Ottawa","departureX":"685","departureY":"459","departureTime":"299","arrival":"Yellowknife","arrivalX":"285","arrivalY":"271","duration":"6"},
{"departure":"Ottawa","departureX":"685","departureY":"459","departureTime":"344","arrival":"Fredericton","arrivalX":"800","arrivalY":"422","duration":"6"},
{"departure":"Ottawa","departureX":"685","departureY":"459","departureTime":"324","arrival":"Fredericton","arrivalX":"800","arrivalY":"422","duration":"6"},
{"departure":"Ottawa","departureX":"685","departureY":"459","departureTime":"159","arrival":"Quebec","arrivalX":"734","arrivalY":"427","duration":"6"}]}